Job Title,Posted
"Big Data Intern
Internship · Hyderabad · 0 - 2 Years",5 days ago
"Senior Cloud Specialist
Full-time · Singapore · 5 - 10 Years",9 days ago
"Cloud Native Developer
Full-time · Hyderabad · 2 - 5 Years",10 days ago
"Data Scientist Intern
Internship · Hyderabad · 0 - 4 Years",12 days ago
"Embedded Engineer
Full-time · Hyderabad · 2 - 4 Years",13 days ago
"Networking & Security Specialist
Full-time · Hyderabad · 2 - 6 Years",18 days ago
"System Engineer
Internship · Mauritius · 0 - 1 Years",18 days ago
"Associate QA Engineer
Full-time · Hyderabad · 1 - 3 Years",19 days ago
"Solution Architect
Full-time · Hyderabad · 9 - 15 Years",19 days ago
"Sr. Microservices Developer
Full-time · Hyderabad · 4 - 9 Years",a month ago
"SOA Consultant
Full-time · Hyderabad · 0 - 1 Years",a month ago
"Android Mobile Developer
Full-time · mauritius · 3 - 8 Years",a month ago
"Associate Cloud Engineer
Full-time · Hyderabad · 0 - 3 Years",a month ago
"Sr Full Stack Developer
Full-time · Mauritius · 3 - 8 Years",a month ago
"Sr SAP PI/PO Developer
Contract · New Jersey · 7 - 12 Years",a month ago
"Blockchain Developer
Full-time · Hyderabad · 1 - 4 Years",a month ago
"Junior Cloud Native Developer
Full-time · Delaware · 1 - 2 Years",2 months ago
"Senior DevOps Engineer
Full-time · Hyderabad · 3 - 10 Years",2 months ago
"Lead DevOps Engineer
Full-time · Hyderabad · 5 - 11 Years",2 months ago
"Site Reliability Engineer
Full-time · New York · 1 - 3 Years",2 months ago
"OSS DevOps Engineer
Full-time · Hyderabad · 6 - 12 Years",2 months ago
"Sr SDET
Full-time · New York · 3 - 10 Years",2 months ago
"Engineering Lead
Full-time · Mauritius · 7 - 18 Years",2 months ago
"Machine Learning Engineer
Full-time · Hyderabad · 3 - 5 Years",2 months ago
